[{"name":"limit","desc":"vidlister.properties.limit","xtype":"numberfield","options":[],"value":"10","lexicon":"vidlister:default","overridden":false,"desc_trans":"Максимальное кол-во элементов на странице","area":"","area_trans":"","menu":null},{"name":"offset","desc":"vidlister.properties.offset","xtype":"numberfield","options":[],"value":"0","lexicon":"vidlister:default","overridden":false,"desc_trans":"Первый элемент (0 = first)","area":"","area_trans":"","menu":null},{"name":"scripts","desc":"vidlister.properties.scripts","xtype":"combo-boolean","options":[],"value":true,"lexicon":"vidlister:default","overridden":false,"desc_trans":"vidlister.properties.scripts","area":"","area_trans":"","menu":null},{"name":"totalVar","desc":"vidlister.properties.totalvar","xtype":"textfield","options":[],"value":"total","lexicon":"vidlister:default","overridden":false,"desc_trans":"TotalVar имя для getPage","area":"","area_trans":"","menu":null},{"name":"tpl","desc":"vidlister.properties.tpl","xtype":"textfield","options":[],"value":"{\"youtube\":\"vlYoutube\",\"vimeo\":\"vlVimeo\"}","lexicon":"vidlister:default","overridden":false,"desc_trans":"Video item chunk (template)","area":"","area_trans":"","menu":null},{"name":"where","desc":"vidlister.properties.where","xtype":"textfield","options":[],"value":"","lexicon":"vidlister:default","overridden":false,"desc_trans":"A JSON-style expression of criteria","area":"","area_trans":"","menu":null}]